image_id	score_0	score_1	score_2	score_3	score_4	score_5	score_6	score_7	score_8	score_9	score_10	score_11	score_12	score_13	score_14	score_15	score_16	score_17	score_18	score_19	score_20	score_21	score_22	score_23	score_24	score_25	score_26	score_27	score_28	score_29
2017_10001018.jpg	4.000000	4.727273	1.444444	3.500000	2.809524	3.333333	5.000000	4.909091	2.833333	5.000000	4.695652	5.000000	3.428571	3.285714	2.666667	2.111111	2.714286	4.909091	4.772727	5.000000	5.000000	4.150000	2.916667	4.857143	4.500000	5.000000	3.333333	3.200000	5.000000	5.000000
2017_10035653.jpg	4.000000	4.727273	1.555556	3.500000	2.809524	3.333333	5.000000	4.909091	4.000000	5.000000	4.695652	3.000000	3.285714	3.428571	2.666667	1.888889	2.714286	4.909091	4.772727	5.000000	5.000000	3.900000	2.916667	4.857143	4.500000	5.000000	3.333333	3.200000	5.000000	5.000000
2017_10048814.jpg	0.000000	0.000000	0.000000	0.000000	0.000000	0.000000	0.000000	0.000000	0.000000	0.000000	0.000000	0.000000	0.000000	0.000000	0.000000	0.000000	0.000000	0.000000	0.000000	0.000000	0.000000	0.000000	0.000000	0.000000	0.000000	0.000000	0.000000	0.000000	0.000000	0.000000
2017_10056783.jpg	4.000000	4.727273	1.444444	3.500000	2.809524	2.666667	5.000000	4.909091	3.500000	5.000000	4.695652	3.000000	3.357143	3.285714	2.666667	2.111111	2.714286	4.909091	4.772727	5.000000	5.000000	4.100000	3.166667	4.857143	4.500000	5.000000	3.533333	3.200000	5.000000	5.000000
2017_10061602.jpg	0.000000	0.000000	0.000000	0.000000	0.000000	0.000000	0.000000	0.000000	0.000000	0.000000	0.000000	0.000000	0.000000	0.000000	0.000000	0.000000	0.000000	0.000000	0.000000	0.000000	0.000000	0.000000	0.000000	0.000000	0.000000	0.000000	0.000000	0.000000	0.000000	0.000000
2017_10061662.jpg	4.000000	4.727273	1.444444	3.750000	2.809524	2.666667	5.000000	4.909091	3.500000	5.000000	4.695652	5.000000	3.357143	3.357143	2.666667	2.111111	2.714286	4.909091	4.772727	5.000000	5.000000	3.900000	2.916667	4.857143	4.500000	5.000000	4.266667	3.200000	5.000000	5.000000
2017_10066656.jpg	4.000000	4.727273	1.555556	3.500000	2.809524	2.666667	5.000000	4.909091	3.666667	5.000000	4.695652	3.000000	3.357143	3.428571	2.666667	2.111111	2.714286	4.909091	4.772727	5.000000	5.000000	3.900000	2.916667	4.857143	4.500000	5.000000	3.333333	3.200000	5.000000	5.000000
2017_10083653.jpg	5.000000	4.818182	1.888889	4.000000	5.000000	5.000000	5.000000	4.909091	5.000000	5.000000	5.000000	3.000000	3.071429	4.785714	4.500000	4.333333	2.000000	5.000000	5.000000	5.000000	2.000000	3.950000	2.750000	5.000000	5.000000	4.000000	5.000000	4.800000	5.000000	5.000000
2017_10090541.jpg	4.000000	4.727273	1.444444	3.500000	2.809524	2.666667	5.000000	4.909091	5.000000	5.000000	4.695652	3.000000	3.357143	3.285714	2.833333	2.111111	2.714286	4.909091	4.772727	5.000000	5.000000	4.100000	2.583333	4.857143	4.500000	5.000000	4.200000	3.200000	5.000000	5.000000
2017_10098268.jpg	5.000000	4.727273	1.444444	3.500000	3.571429	3.333333	5.000000	4.909091	5.000000	5.000000	4.695652	3.000000	3.357143	3.714286	3.500000	2.555556	2.714286	4.909091	4.909091	5.000000	5.000000	4.100000	2.916667	4.928571	4.600000	5.000000	4.733333	4.600000	5.000000	5.000000
2017_10102323.jpg	5.000000	4.954545	1.444444	4.000000	4.666667	3.333333	5.000000	4.909091	5.000000	5.000000	4.695652	5.000000	3.428571	4.142857	4.333333	3.777778	2.714286	4.909091	4.909091	5.000000	5.000000	4.150000	3.000000	5.000000	4.800000	5.000000	5.000000	4.800000	5.000000	5.000000
2017_10102697.jpg	5.000000	4.727273	1.444444	3.500000	2.857143	2.666667	5.000000	4.909091	3.000000	5.000000	4.695652	3.000000	3.357143	3.357143	2.833333	2.111111	2.714286	4.909091	4.772727	5.000000	5.000000	3.900000	2.916667	4.857143	4.500000	5.000000	4.466667	3.200000	5.000000	5.000000
2017_10109103.jpg	4.000000	4.727273	1.444444	3.750000	2.809524	3.333333	5.000000	4.909091	3.500000	5.000000	4.695652	5.000000	3.214286	3.357143	2.666667	1.888889	2.714286	4.909091	4.772727	5.000000	5.000000	3.900000	3.166667	4.857143	4.500000	5.000000	4.133333	3.200000	5.000000	5.000000
2017_10111045.jpg	1.000000	3.454545	1.222222	2.750000	1.857143	2.333333	2.250000	3.909091	3.000000	1.000000	2.565217	2.000000	3.000000	2.785714	1.666667	1.222222	2.095238	3.000000	2.227273	5.000000	2.000000	3.650000	2.250000	3.785714	2.400000	4.000000	4.266667	1.200000	5.000000	2.000000
2017_10131179.jpg	0.000000	0.000000	0.000000	0.000000	0.000000	0.000000	0.000000	0.000000	0.000000	0.000000	0.000000	0.000000	0.000000	0.000000	0.000000	0.000000	0.000000	0.000000	0.000000	0.000000	0.000000	0.000000	0.000000	0.000000	0.000000	0.000000	0.000000	0.000000	0.000000	0.000000
2017_10142330.jpg	5.000000	4.500000	1.444444	3.500000	2.857143	2.666667	4.500000	4.909091	3.000000	5.000000	3.695652	3.000000	3.357143	3.357143	2.833333	2.111111	2.714286	4.545455	4.409091	5.000000	5.000000	3.900000	2.916667	4.571429	4.000000	5.000000	4.466667	2.400000	4.888889	5.000000
2017_10148961.jpg	4.000000	4.727273	1.444444	3.500000	2.809524	2.333333	5.000000	4.909091	2.833333	5.000000	4.695652	3.000000	3.142857	3.285714	2.666667	1.888889	2.714286	4.909091	4.772727	5.000000	5.000000	3.900000	2.916667	4.857143	4.500000	5.000000	3.333333	3.200000	5.000000	5.000000
2017_10157974.jpg	5.000000	4.727273	1.555556	3.500000	3.571429	3.333333	5.000000	4.909091	5.000000	5.000000	4.695652	3.000000	3.285714	3.714286	3.500000	2.555556	2.714286	4.909091	4.909091	5.000000	5.000000	3.900000	3.166667	4.928571	4.600000	5.000000	4.733333	4.600000	5.000000	5.000000
2017_10162270.jpg	0.000000	0.000000	0.000000	0.000000	0.000000	0.000000	0.000000	0.000000	0.000000	0.000000	0.000000	0.000000	0.000000	0.000000	0.000000	0.000000	0.000000	0.000000	0.000000	0.000000	0.000000	0.000000	0.000000	0.000000	0.000000	0.000000	0.000000	0.000000	0.000000	0.000000
2017_10179829.jpg	3.000000	4.681818	1.555556	3.250000	4.142857	3.000000	3.500000	4.818182	4.833333	1.500000	3.652174	3.000000	3.285714	3.785714	3.333333	2.000000	2.285714	4.090909	4.681818	3.000000	5.000000	3.650000	3.083333	4.571429	3.800000	2.000000	4.933333	2.600000	5.000000	2.000000
2017_10182862.jpg	0.000000	0.000000	0.000000	0.000000	0.000000	0.000000	0.000000	0.000000	0.000000	0.000000	0.000000	0.000000	0.000000	0.000000	0.000000	0.000000	0.000000	0.000000	0.000000	0.000000	0.000000	0.000000	0.000000	0.000000	0.000000	0.000000	0.000000	0.000000	0.000000	0.000000
2017_10227268.jpg	4.000000	4.727273	1.444444	3.500000	2.809524	3.333333	5.000000	4.909091	5.000000	5.000000	4.695652	3.000000	3.142857	3.285714	2.833333	1.888889	2.714286	4.909091	4.772727	5.000000	5.000000	3.900000	2.916667	4.857143	4.500000	5.000000	4.200000	3.200000	5.000000	5.000000
2017_10230319.jpg	0.000000	0.000000	0.000000	0.000000	0.000000	0.000000	0.000000	0.000000	0.000000	0.000000	0.000000	0.000000	0.000000	0.000000	0.000000	0.000000	0.000000	0.000000	0.000000	0.000000	0.000000	0.000000	0.000000	0.000000	0.000000	0.000000	0.000000	0.000000	0.000000	0.000000
2017_10248761.jpg	0.000000	0.000000	0.000000	0.000000	0.000000	0.000000	0.000000	0.000000	0.000000	0.000000	0.000000	0.000000	0.000000	0.000000	0.000000	0.000000	0.000000	0.000000	0.000000	0.000000	0.000000	0.000000	0.000000	0.000000	0.000000	0.000000	0.000000	0.000000	0.000000	0.000000
2017_10249823.jpg	4.000000	4.727273	1.555556	3.500000	2.809524	3.333333	5.000000	4.909091	4.000000	5.000000	4.695652	3.000000	3.357143	3.428571	2.666667	2.111111	2.714286	4.909091	4.772727	5.000000	5.000000	3.900000	2.916667	4.857143	4.500000	5.000000	4.266667	3.200000	5.000000	5.000000
